Genotype,n,SexM_estimate,SexM_statistic,SexM_p.value,SexM_significance,InfectedI_estimate,InfectedI_statistic,InfectedI_p.value,InfectedI_significance,SexM:InfectedI_estimate,SexM:InfectedI_statistic,SexM:InfectedI_p.value,SexM:InfectedI_significance,log_Weight_estimate,log_Weight_statistic,log_Weight_p.value,log_Weight_significance,aveTempC_estimate,aveTempC_statistic,aveTempC_p.value,aveTempC_significance,aveLight_Lux_estimate,aveLight_Lux_statistic,aveLight_Lux_p.value,aveLight_Lux_significance,SMRstart.sec_estimate,SMRstart.sec_statistic,SMRstart.sec_p.value,SMRstart.sec_significance,aveFRC_mlmin_estimate,aveFRC_mlmin_statistic,aveFRC_mlmin_p.value,aveFRC_mlmin_significance,aveWVppt_estimate,aveWVppt_statistic,aveWVppt_p.value,aveWVppt_significance,aveActivity_estimate,aveActivity_statistic,aveActivity_p.value,aveActivity_significance
CSBerk,460,-0.015,-1.397,0.1631660733286091,ns,-0.006,-0.712,0.4770697812664334,ns,0.016,1.386,0.16653226714677793,ns,0.689,16.797,5.934760206758239e-49,***,0.01,1.273,0.20352058990269964,ns,0.002,2.91,0.003715099777535961,**,-0.117,-27.695,9.65073970225852e-99,***,-0.003,-2.814,0.005107871675866083,**,-0.002,-3.811,1.5574621081550468e-4,***,0.047,12.056,3.066034393630074e-30,***
FFD25,342,-0.063,-5.189,3.6849309011505664e-7,***,0.016,1.936,0.05375486401967586,ns,-0,-0.041,0.9673641794537765,ns,0.542,11.827,3.491372919666807e-27,***,0.034,6.756,4.2054640272700416e-11,***,0,0.982,0.3267574600357577,ns,-0.13,-29.454,3.0862427588022525e-91,***,-0.008,-5.119,4.851959333026774e-7,***,-0.006,-2.379,0.017769365987337974,*,0.026,7.41,5.632891620155341e-13,***
PC75,161,-0.026,-1.4,0.16362736897619515,ns,-0.022,-1.717,0.08799233408124024,ns,0.012,0.636,0.5257906836974635,ns,0.421,5.205,6.090575108890526e-7,***,0.035,4.221,3.967653049730219e-5,***,-0,-0.25,0.8028990515365058,ns,-0.113,-14.828,1.6849107978124336e-32,***,0.015,4.965,1.6959908911084404e-6,***,-0.012,-6.128,5.283346297659361e-9,***,0.049,9.017,1.4318746645843715e-16,***
yakB13L5,164,0.03,1.615,0.10810115889839819,ns,-0.002,-0.133,0.8940641931630527,ns,0.013,0.664,0.5075610078669333,ns,0.504,9.601,1.249306488823241e-17,***,0.037,3.741,2.1607426489870035e-4,***,0.005,1.94,0.05327924365083693,ns,-0.026,-3.026,0.0027402513366934665,**,-0.008,-1.788,0.0756242162344167,ns,0.002,0.721,0.47188155327495185,ns,0.067,8.474,8.343357828209871e-16,***
san,208,0.012,0.609,0.5431007713753366,ns,0.018,1.868,0.06327403346110962,ns,-0.042,-3.078,0.0023750632232148296,**,0.312,3.98,9.691484712952419e-5,***,0.034,4.933,1.3863866480351328e-6,***,0.001,0.914,0.36161639421598324,ns,-0.039,-5.129,7.844191270011215e-7,***,-0.006,-0.704,0.4824111836684404,ns,-0.02,-2.164,0.03136912807314196,*,0.078,9.028,1.7344346810022968e-17,***
teiB13L11,346,0.015,0.68,0.4972267338548093,ns,0.011,0.716,0.4747652728269327,ns,-0.015,-0.653,0.5144655894659951,ns,0.349,4.721,3.4315520293788125e-6,***,0.021,2.153,0.031882062923759835,*,-0.003,-3.002,0.002838173879757579,**,-0.037,-4.841,2.0086826861225094e-6,***,0,0.418,0.6761430046581347,ns,-0.004,-2.111,0.03546822229381201,*,0.05,7.749,8.021422058922592e-14,***
R84,129,-0.028,-1.148,0.25327116396330007,ns,-0.031,-2.05,0.0427324712847157,*,0.024,1.22,0.22512669459403767,ns,0.594,7.193,6.870489302106037e-11,***,0.027,1.634,0.10391382320701398,ns,0,0.147,0.8832707567916271,ns,-0.047,-6.349,3.193476594186054e-9,***,-0.004,-2.468,0.014991026462115609,*,0.002,1.52,0.13042550796609237,ns,0.069,8.468,6.144079713374417e-15,***
suz,162,0.02,0.954,0.34128951408080466,ns,-0.01,-0.706,0.48101475444039155,ns,-0.019,-0.896,0.37139412237345915,ns,0.586,8.344,2.5092523717944806e-14,***,0.049,4.758,3.2063545490054436e-6,***,-0.002,-2.174,0.030641843862921014,*,-0.086,-10.659,1.2399442442369926e-19,***,0.001,0.149,0.8818378886190217,ns,0.009,1.59,0.11359529140336404,ns,0.062,2.896,0.004243693164939034,**
auraL2,182,0.051,3.123,0.0021025375266986446,**,-0.006,-0.546,0.5857996657415612,ns,-0.005,-0.308,0.758567081248971,ns,0.721,12.571,3.757287647319739e-26,***,0.037,5.466,9.146366732271607e-8,***,0.007,3.286,0.001136014025645585,**,-0.069,-14.086,5.308230122286417e-33,***,-0.003,-1.395,0.16476065152321256,ns,0.001,0.425,0.6713297298771341,ns,0.034,5.966,5.99160568191324e-9,***
Car5,354,-0.05,-4.73,3.283605685522131e-6,***,-0.009,-1.224,0.22187660701002804,ns,-0.005,-0.461,0.645344609969117,ns,0.371,10.844,9.319032692234736e-24,***,0.033,4.632,4.432474622815578e-6,***,0.002,2.039,0.04184563113485154,*,-0.092,-23.864,5.418748024943177e-81,***,-0.007,-10.672,2.7563834490115455e-23,***,-0.001,-1.018,0.3094782965293903,ns,0.109,11.696,1.1387111891582646e-28,***
sech,210,-0.008,-0.697,0.4868410925607569,ns,-0.001,-0.094,0.92538496611448,ns,0.001,0.096,0.9232411627803419,ns,0.476,7.687,5.988698537306072e-13,***,0.045,5.497,9.486308039145235e-8,***,0.012,6.121,2.4818605190382807e-9,***,-0.108,-20.384,1.0781974030903012e-57,***,-0.005,-3.117,0.0020678959584199815,**,0.001,0.339,0.7352131162757322,ns,0.056,3.15,0.001771437625854931,**
sim198,238,-0.006,-0.308,0.7582148973137521,ns,-0.02,-1.708,0.08905065200455366,ns,0,0.013,0.9894343649443211,ns,0.589,7.724,3.5181383644320304e-13,***,0.045,5.187,4.2781072371285996e-7,***,-0.001,-2.577,0.010479719838886438,*,-0.095,-14.229,1.4679321582191356e-33,***,-0.007,-11.449,1.4057836863441573e-24,***,1.877,4.912,1.4778852101475597e-6,***,0.09,8.423,2.2739509647187826e-15,***
mau31,146,0.035,1.434,0.15368458268910196,ns,0.008,0.608,0.5444025773085017,ns,-0.013,-0.68,0.49760979530747773,ns,0.683,6.787,3.06670120497483e-10,***,0.019,1.902,0.05868416644843326,ns,-0.006,-3.054,0.002498907738565041,**,-0.115,-23.629,1.3782186421358963e-56,***,0,0.08,0.9359501938702253,ns,0.003,1.051,0.2947669036272016,ns,0.067,1.494,0.13652126560281844,ns
